{"cameraMode":{"drawMode":31,"name":"Sprite Mask","section":"Miscellaneous"},"sceneLighting":true,"audioPlay":false,"sceneViewState":{"showFog":true,"showMaterialUpdate":false,"showSkybox":true,"showFlares":true,"showImageEffects":true,"showParticleSystems":true},"in2DMode":false,"pivot":{"x":13.879261016845704,"y":13.306109428405762,"z":21.230039596557618},"rotation":{"x":0.04504650831222534,"y":0.10469880700111389,"z":-0.004737744107842445,"w":0.9934893846511841},"size":59.00704574584961,"orthographic":false}