{"cameraMode":{"drawMode":0,"name":"Shaded","section":"Shading Mode"},"sceneLighting":false,"audioPlay":false,"sceneViewState":{"showFog":true,"showMaterialUpdate":false,"showSkybox":false,"showFlares":true,"showImageEffects":true,"showParticleSystems":true},"in2DMode":false,"pivot":{"x":11.170268058776856,"y":14.616238594055176,"z":-0.14453125},"rotation":{"x":-0.052505284547805789,"y":-0.3371095657348633,"z":0.01883356273174286,"w":-0.9398136138916016},"size":11.951835632324219,"orthographic":false}