{"cameraMode":{"drawMode":31,"name":"Sprite Mask","section":"Miscellaneous"},"sceneLighting":false,"audioPlay":false,"sceneViewState":{"showFog":true,"showMaterialUpdate":false,"showSkybox":false,"showFlares":true,"showImageEffects":true,"showParticleSystems":true},"in2DMode":false,"pivot":{"x":3.57316255569458,"y":20.591293334960939,"z":2.087574005126953},"rotation":{"x":-0.31554731726646426,"y":0.17233406007289887,"z":0.05846830829977989,"w":0.9313251972198486},"size":11.951831817626954,"orthographic":false}