{"cameraMode":{"drawMode":31,"name":"Sprite Mask","section":"Miscellaneous"},"sceneLighting":true,"audioPlay":false,"sceneViewState":{"showFog":true,"showMaterialUpdate":false,"showSkybox":true,"showFlares":true,"showImageEffects":true,"showParticleSystems":true},"in2DMode":false,"pivot":{"x":6.749791622161865,"y":10.931640625,"z":1.0748119354248047},"rotation":{"x":0.04828837886452675,"y":0.011983362957835198,"z":-0.000570324482396245,"w":0.9987785816192627},"size":26.2885684967041,"orthographic":false}