{"cameraMode":{"drawMode":31,"name":"Sprite Mask","section":"Miscellaneous"},"sceneLighting":true,"audioPlay":false,"sceneViewState":{"showFog":true,"showMaterialUpdate":false,"showSkybox":true,"showFlares":true,"showImageEffects":true,"showParticleSystems":true},"in2DMode":false,"pivot":{"x":15.576945304870606,"y":3.6582846641540529,"z":25.155696868896486},"rotation":{"x":0.04828837886452675,"y":0.011983362957835198,"z":-0.000570324482396245,"w":0.9987785816192627},"size":52.234413146972659,"orthographic":false}