{"cameraMode":{"drawMode":31,"name":"Sprite Mask","section":"Miscellaneous"},"sceneLighting":true,"audioPlay":false,"sceneViewState":{"showFog":true,"showMaterialUpdate":false,"showSkybox":true,"showFlares":true,"showImageEffects":true,"showParticleSystems":true},"in2DMode":false,"pivot":{"x":367.7823181152344,"y":922.9716796875,"z":210.08407592773438},"rotation":{"x":-0.31554731726646426,"y":0.17233406007289887,"z":0.05846830829977989,"w":0.9313251972198486},"size":662.2138671875,"orthographic":false}