{"cameraMode":{"drawMode":31,"name":"Sprite Mask","section":"Miscellaneous"},"sceneLighting":true,"audioPlay":false,"sceneViewState":{"showFog":true,"showMaterialUpdate":false,"showSkybox":true,"showFlares":true,"showImageEffects":true,"showParticleSystems":true},"in2DMode":false,"pivot":{"x":16.679622650146486,"y":16.265535354614259,"z":-1.0066299438476563},"rotation":{"x":-0.0026880642399191858,"y":0.040484219789505008,"z":0.0001119861553888768,"w":0.9991863369941711},"size":33.8127326965332,"orthographic":false}