{"cameraMode":{"drawMode":31,"name":"Sprite Mask","section":"Miscellaneous"},"sceneLighting":true,"audioPlay":false,"sceneViewState":{"showFog":true,"showMaterialUpdate":false,"showSkybox":true,"showFlares":true,"showImageEffects":true,"showParticleSystems":true},"in2DMode":false,"pivot":{"x":12.001989364624024,"y":8.818233489990235,"z":-4.874263763427734},"rotation":{"x":0.03629001975059509,"y":-0.02548380009829998,"z":0.0009480747394263744,"w":0.9990367889404297},"size":38.03578567504883,"orthographic":false}